ICO Name,Telegram Link
bitcoin,NOT FOUND
ripple,https://t.me/Ripple
ethereum,NOT FOUND
bitcoin-cash,NOT FOUND
eos,https://t.me/joinchat/AAAAAEQbOeucnaMWN0A9dQ
tether,NOT FOUND
litecoin,NOT FOUND
tron,http://t.me/tronnetworkEN
stellar,NOT FOUND
bitcoin-sv,NOT FOUND
cardano,https://t.me/CardanoAnnouncements
binance-coin,NOT FOUND
iota,NOT FOUND
monero,NOT FOUND
dash,NOT FOUND
nem,https://t.me/nemred
neo,NOT FOUND
ethereum-classic,NOT FOUND
usd-coin,NOT FOUND
maker,NOT FOUND
zcash,NOT FOUND
waves,NOT FOUND
tezos,NOT FOUND
dogecoin,NOT FOUND
vechain,https://t.me/vechain_official_english
trueusd,https://t.me/joinchat/HihkMkTja1gIyBRM1J1_vg
ontology,https://t.me/OntologyNetwork
bitcoin-gold,https://t.me/BitcoinGoldHQ
qtum,https://t.me/joinchat/D5oBaw29NeOdpw6qqqf2lw
zilliqa,https://t.me/zilliqachat
omisego,NOT FOUND
0x,NOT FOUND
holo,http://t.me/channelHolo
chainlink,NOT FOUND
decred,NOT FOUND
basic-attention-token,NOT FOUND
augur,NOT FOUND
lisk,NOT FOUND
paxos-standard-token,NOT FOUND
nano,NOT FOUND
bitcoin-diamond,https://t.me/BCDcommunity
bytecoin-bcn,NOT FOUND
revain,https://t.me/joinchat/CzZcC0PCgpJcbBCb3JfNeQ
icon,https://t.me/joinchat/Fqw4igkkVmYtj--ZVi-QcA
digibyte,https://t.me/DigiByteCoin
steem,NOT FOUND
bitshares,https://t.me/BitSharesDEX
verge,https://t.me/VERGExvg
aeternity,NOT FOUND
siacoin,NOT FOUND
stratis,https://t.me/StratisPlatform
gemini-dollar,NOT FOUND
pundi-x,https://t.me/pundix
bytom,https://t.me/BytomInternational
iostoken,https://t.me/officialios
komodo,NOT FOUND
dai,NOT FOUND
status,NOT FOUND
populous,https://t.me/joinchat/HeQm1Ugjn32zhpJyBza8OA
golem-network-tokens,NOT FOUND
electroneum,https://t.me/joinchat/DxoSakHOdk5mqsE-LelfVg
factom,NOT FOUND
odem,https://t.me/odem_io
repo,https://t.me/REPO_Blockchain
paypie,https://t.me/PayPie
cryptonex,NOT FOUND
loopring,https://t.me/loopring_en
maidsafecoin,NOT FOUND
ardor,NOT FOUND
aurora,https://t.me/AuroraOfficialEN
huobi-token,NOT FOUND
insight-chain,https://t.me/InsightChain
hypercash,https://t.me/HcashOfficialEnglish
waltonchain,https://t.me/waltonchain_en
mixin,https://t.me/MixinCommunity
polymath-network,https://t.me/PolymathNetwork
pivx,NOT FOUND
project-pai,https://t.me/projectpai
theta,https://t.me/joinchat/Gt6mbxJb-2XukwGA_atLjg
ark,NOT FOUND
decentraland,https://t.me/dcl_market
reddcoin,NOT FOUND
linkey,https://t.me/joinchat/IF_0PxImgca99nuTloLNeQ
dentacoin,https://t.me/dentacoin
digixdao,NOT FOUND
bancor,NOT FOUND
aion,https://t.me/aion_blockchain
kucoin-shares,NOT FOUND
power-ledger,https://t.me/joinchat/Gop-90DIMiPF7N_EtvFzjA
ravencoin,https://t.me/RavencoinDev
crypto-com,https://t.me/CryptoComOfficialAnnouncements
wanchain,https://t.me/WanchainANN
stasis-eurs,https://t.me/STASIS
tenx,NOT FOUND
monacoin,NOT FOUND
wax,https://t.me/wax_io
gxchain,https://t.me/GXChain_international
nexo,https://t.me/nexofinance
zcoin,NOT FOUND
elastos,https://t.me/elastosgroup
buggyra-coin-zero,NOT FOUND
crypto-com-chain,https://t.me/CryptoComOfficial
metaverse,https://t.me/Metaverse_Blockchain
aelf,https://t.me/aelfblockchain
nuls,https://t.me/Nulsio
moac,https://t.me/moacblockchain
veritaseum,https://t.me/joinchat/G_22OhA7UgN6b-7hTSFSTA
loom-network,https://t.me/loomnetwork
quarkchain,https://t.me/quarkchainio
singularitynet,https://t.me/singularitynet
digitex-futures,https://t.me/digitexfutureschat
qash,https://t.me/QUOINE
nxt,https://t.me/NXTCommunity
enjin-coin,https://t.me/enjin_coin
zencash,NOT FOUND
nebulas-token,https://t.me/nebulasio
waykichain,https://t.me/wiccofficial
optimal-shelf-availability-token,https://t.me/OSADC_Announcements
syscoin,https://t.me/joinchat/AAAAAEHzByog3h1qutnjhQ
funfair,https://t.me/FunFair_Official
particl,https://t.me/particlproject
mithril,https://t.me/mithrilchat
mobilego,https://t.me/mobilegochat
kin,https://t.me/kincurrency
enigma,http://t.me/enigmaproject
credo,NOT FOUND
byteball,https://t.me/byteball
eidoo,https://t.me/joinchat/F4ox3EO_ubynqlzakd6lKw
endor-protocol,https://t.me/endorcoinGroup
nexus,https://t.me/NexusEarth
gas,NOT FOUND
kyber-network,https://t.me/kybernetwork
cybermiles,https://t.me/cybermilestoken
gold-bits-coin,https://t.me/goldbitscoinchat
apollo-currency,https://t.me/apollocommunity
rlc,NOT FOUND
santiment,https://t.me/santiment_network
dragonchain,https://t.me/dragontalk
storj,NOT FOUND
proximax,https://t.me/ProximaXio
nasdacoin,https://t.me/nasdacoin_official
bread,https://t.me/breadchat
dent,https://t.me/dentcoin
salt,https://t.me/SALTLendingDiscussion
civic,NOT FOUND
oneroot-network,https://t.me/OneRootProject
substratum,https://t.me/SubstratumCommunity
hycon,https://t.me/hyconofficial
tomochain,https://t.me/tomochain
bitcoin-private,NOT FOUND
spectre-dividend,https://t.me/joinchat/FlBl_UORqQZo-FbiPkHikA
quant,https://t.me/QuantOverledger
tokenclub,https://t.me/token_club
genesis-vision,https://t.me/genesisvision
odyssey,https://t.me/OdysseyOfficial
request-network,https://t.me/requestnetwork
sirin-labs-token,https://t.me/SIRINLABSANN
boscoin,https://t.me/OfficialBOScoin
cube,https://t.me/joinchat/HEId7g9EFqAGkWqAtD67Hg
neblio,https://t.me/joinchat/GFVgz0G-oVXOIJGfFYD-vg
maximine-coin,https://t.me/maximine
lockchain,https://t.me/LockTrip
nectar,NOT FOUND
ethos,NOT FOUND
cortex,https://t.me/CortexBlockchain
groestlcoin,http://t.me/groestl
cindicator,https://t.me/cindicator_chat
smartlands,https://t.me/smartlandschat
gifto,https://t.me/GIFTOOfficial
unobtanium,https://t.me/unobtaniumuno
storm,https://t.me/joinchat/GHTZGQwsy9mZk0KFEEjGtg
gochain,https://t.me/go_chain
xyo,https://t.me/xyonetwork
c20,NOT FOUND
bibox-token,https://t.me/joinchat/GAi9vQ5BEjR0mAxK5cdHjA
evencoin,https://t.me/evencoinio
moeda-loyalty-points,https://t.me/moedaproject
tokenomy,NOT FOUND
mainframe,https://t.me/mainframehq
truechain,https://t.me/truechainglobal
qubitica,NOT FOUND
thekey,https://t.me/joinchat/FkZtERGQ1qUEU7iAzC6xVQ
bnktothefuture,https://t.me/bf_token
dex,NOT FOUND
poet,https://t.me/joinchat/GKMQ1kOQSdXVZpN1Rygcdw
tokenpay,https://t.me/joinchat/GgZih0NrYt2F11oXwQ11Cg
vertcoin,NOT FOUND
republic-protocol,https://t.me/republicprotocol
streamr-datacoin,https://t.me/streamrdata
agrello-delta,https://t.me/agrello
peercoin,https://t.me/peercoin
emercoin,https://t.me/emercoin_official
gnosis-gno,NOT FOUND
skycoin,NOT FOUND
lisk-machine-learning,https://t.me/GNYioBlockchain
blockv,https://t.me/block_v
aragon,NOT FOUND
mothership,https://t.me/mothershipcx
blocknet,https://t.me/Blocknet
pillar,https://t.me/pillarofficial
bridgecoin,https://t.me/cryptobridgeofficial
everus,NOT FOUND
ignis,NOT FOUND
edgeless,https://t.me/joinchat/FXRVHBFKg-YU0KqZXTCGbQ
bezant,NOT FOUND
telcoin,https://t.me/telcoincommunity
dynamic-trading-rights,NOT FOUND
pumapay,https://t.me/PumaPay
iconomi,NOT FOUND
raiden-network-token,NOT FOUND
flo,https://t.me/FLOblockchain
iotex,https://t.me/IoTeXGroup
wagerr,NOT FOUND
paragon,https://t.me/ParagonCoin
vibe,NOT FOUND
dropil,https://t.me/DropilCoin
smartcash,https://t.me/SmartCashChat
nav-coin,https://t.me/navcoin
medx,https://t.me/medibloc
dmarket,https://t.me/joinchat/CV8tCULRq_vJ2Xzu9Iopqg
utrust,https://t.me/utrustofficial
energi,https://t.me/energicrypto
ost,https://t.me/OSTdotcom
prizm,https://t.me/PRIZMclub
namecoin,NOT FOUND
metal,https://t.me/MetalPayCommunity
matrix-ai-network,https://t.me/matrixainetwork
nucleus-vision,https://t.me/nucleusvision_ann
fusion,https://t.me/FUSIONFoundation
everipedia,https://t.me/everipedia
quantstamp,https://t.me/quantstamp
gulden,NOT FOUND
smartmesh,https://t.me/SmartMesh
starcointv,https://t.me/joinchat/JHLOHw8uqVNmJqraEFbuhQ
platincoin,https://t.me/PLCTrader
own,https://t.me/OwnMarket
quantum-resistant-ledger,NOT FOUND
coinus,https://t.me/CoinUs_ENG
steem-dollars,NOT FOUND
amber,https://t.me/ambrosuschat
apis,NOT FOUND
insolar,https://t.me/insolar
timicoin,https://t.me/joinchat/HIKjnVGkUtDtq1iIRTJS2g
stacs,NOT FOUND
ethlend,https://t.me/ETHLend
rchain,NOT FOUND
melon,NOT FOUND
crypterium,https://t.me/crypterium
cashbery-coin,https://t.me/CashberyCoinChat
vitae,NOT FOUND
ruff,https://t.me/RuffChain
scryinfo,https://t.me/scryinfo1
credits,https://t.me/creditscom
universa,https://t.me/Uplatform
salus,NOT FOUND
game,https://t.me/gameico
einsteinium,https://t.me/emc2_official
boolberry,https://t.me/boolberry_bbr
wings,NOT FOUND
breezecoin,https://t.me/breezecoin
ubiq,NOT FOUND
whitecoin,NOT FOUND
bluzelle,https://t.me/bluzelle
loopring-neo,NOT FOUND
neumark,https://t.me/neufund
sophiatx,http://t.me/sophia_TX_com
foam,https://t.me/foamspace
moss-coin,https://t.me/mossland_eng
envion,https://t.me/Envion
swarm-fund,NOT FOUND
machine-xchange-coin,https://t.me/mxcfoundation
nix,https://t.me/nixplatform
singulardtv,https://t.me/singulardtvofficial
sonm,https://t.me/sonm_eng
burst,https://t.me/burstcoin
high-performance-blockchain,NOT FOUND
trade-token-x,https://t.me/TradeToken
time-new-bank,https://t.me/tnbgroup
smartofgiving,NOT FOUND
zrcoin,https://t.me/joinchat/AAAAAEDj28WzzuNh5j6tVg
adx-net,https://t.me/AdExNetwork
polybius,https://t.me/polybius_eng
iot-chain,https://t.me/IoTChain
district0x,https://t.me/district0x
digitalnote,NOT FOUND
medishares,NOT FOUND
waves-community-token,NOT FOUND
red-pulse,https://t.me/redpulse
viacoin,NOT FOUND
selfkey,https://t.me/selfkeyfoundation
leocoin,NOT FOUND
cryptaur,https://t.me/cryptaur
iht-real-estate-protocol,http://t.me/IHTcoin
restart-energy-mwat,https://t.me/RestartEnergy
electra,https://t.me/ElectracoinECA
cwv-chain,https://t.me/CryptoWorldLife
tael,https://t.me/wabiico
poa-network,https://t.me/oraclesnetwork
tierion,NOT FOUND
nkn,https://t.me/nknorg
noah-coin,NOT FOUND
mobius,https://t.me/mobius_network
wepower,https://t.me/WePower
bitbay,https://t.me/bitbayofficial
arcblock,https://t.me/ArcBlock
modum,https://t.me/joinchat/GOpSHUkujWHJ_D_AXK8WQA
coss,https://t.me/myCOSS
amo-coin,https://t.me/amo_official
safe-exchange-coin,NOT FOUND
propy,https://t.me/joinchat/AAAAAENZVo1O6X7rusdRWg
bitcny,NOT FOUND
gamecredits,https://t.me/gamecreditsglobal
medibloc,https://t.me/medibloc
decent-bet,https://t.me/OfficialDecentBet
babb,https://t.me/joinchat/E7lsBw5BqFHVEz1etGm9ww
e-dinar-coin,https://t.me/E_Dinar_Worldwide
data,https://t.me/blockchainDATA
stakenet,https://t.me/joinchat/BdGxxw-s3b4_DdBdbChI4g
wowbit,https://t.me/wowooofficial
cloakcoin,https://t.me/cloakproject
hydrogen,https://t.me/joinchat/H3uDdQ9JBFyV1UL35xX4VQ
jibrel-network,https://t.me/jibrel_network
vite,https://t.me/vite_en
qlink,https://t.me/joinchat/F2sRmw4x_mzgSHKhyH5AFQ
ripio-credit-network,https://t.me/RCNchat
achain,https://t.me/joinchat/GbZKzQ5-wexioFquTyAXmg
origintrail,https://t.me/origintrail
cosmo-coin,https://t.me/cosmochain_english
scroll,https://t.me/joinchat/IGswQk2xBnqipPeMBrhYxw
quanta-utility-token,https://t.me/quantaofficial
clams,NOT FOUND
everex,https://t.me/everexio
asch,https://t.me/AschEnglish
library-credit,https://t.me/lbryofficial
zclassic,https://t.me/ZclassicCE_Announcement
metronome,https://t.me/metronometoken
blox,NOT FOUND
bitcapitalvendor,https://t.me/bitcvglobal
tokencard,NOT FOUND
loyalcoin,https://t.me/loyalcoin
legolas-exchange,https://t.me/legolasannouncements
cybervein,https://t.me/CyberVeinCommunity
cpchain,https://t.me/cpchain
bottos,https://t.me/bottosworld
polis,NOT FOUND
monetha,https://t.me/Monethagroup
tripio,https://t.me/tripioglobal
blockport,https://t.me/blockport
primas,NOT FOUND
aeron,https://t.me/aeronaero
cashaa,https://t.me/CashaaLtd
libra-credit,https://t.me/libraofficial
refereum,https://t.me/refereumtalk
presearch,https://t.me/presearch
zip,https://t.me/ZipperEN
pascal-coin,https://t.me/pascalcoin
counterparty,NOT FOUND
all-sports,https://t.me/allsportschain
qchi,NOT FOUND
smartshare,https://t.me/SmartshareOfficial
atc-coin,NOT FOUND
internet-node-token,https://t.me/INTChainOfficial
fantom,https://t.me/Fantom_English
cononchain,https://t.me/canonchainEN
turtlecoin,NOT FOUND
lympo,https://t.me/lympo
bittwatt,https://t.me/bittwatt
appcoins,NOT FOUND
unikoin-gold,NOT FOUND
pchain,https://t.me/pchain_org
yoyow,https://t.me/HelloYOYOW
dignity,https://t.me/ArbitradeOfficial
linda,NOT FOUND
halalchain,NOT FOUND
numeraire,NOT FOUND
bitcore,https://t.me/bitcore_cc
doc-com-token,https://t.me/joinchat/GWeOM0Nc_R_htbcpJha7mA
latoken,https://t.me/latoken
omnitude,https://t.me/omnitude
litecoin-cash,https://t.me/litecoincashofficial
playcoin-erc20,NOT FOUND
rotharium,https://t.me/rothariumplatform
metadium,https://t.me/MetadiumOfficial
loki,https://t.me/LokiCommunity
aeon,NOT FOUND
napoleonx,https://t.me/napoleonx_ICO
airswap,NOT FOUND
robotina,https://t.me/Robotinaico
blocktix,NOT FOUND
mercury,NOT FOUND
lunyr,NOT FOUND
daps-token,https://t.me/dapscoin
etherparty,https://t.me/etherparty
viberate,https://t.me/ViberateOfficial
clipper-coin,https://t.me/CCC_official
gincoin,https://t.me/gincoin
paccoin,https://t.me/Pac_Official
bitkan,http://t.me/BitKan
content-neutrality-network,https://t.me/cnn_blockchain_official
sentinel-protocol,https://t.me/sentinelprotocol
dock,https://t.me/dockio
colossusxt,https://t.me/colossuscoin
bitusd,NOT FOUND
penta,https://t.me/pentaglobal
covesting,https://t.me/covesting
crypticcoin,http://t.me/crypticcoinvip
naga,https://t.me/official_nagacoin
primecoin,NOT FOUND
uptoken,https://t.me/UpTokenChannel
ion,https://t.me/joinchat/F-MxeUP480C--PaXCgVupw
blackcoin,https://t.me/blackcoin
box-token,https://t.me/safeboxla
genaro-network,https://t.me/GenaroNetworkOfficial
cobinhood,https://t.me/cobinhood
potcoin,https://t.me/potcoin420
blockmason,NOT FOUND
html-coin,https://t.me/officialhtmlcoin
te-food,https://t.me/tefood
peculium,https://t.me/ico_peculium
dero,https://t.me/DeroProjectGroup
lamden,https://t.me/lamdenchat
callisto-network,https://t.me/CallistoNet
digix-gold-token,NOT FOUND
spankchain,NOT FOUND
feathercoin,NOT FOUND
global-currency-reserve,NOT FOUND
shift,https://t.me/shiftnrg
oax,https://t.me/openanxteam
storiqa,https://t.me/storiqa_en
ino-coin,https://t.me/joinchat/IVXqBA86cfnqps3zHxB7FA
educare,https://t.me/joinchat/G87p8hAR8y4n_doleuXDqA
minexcoin,https://t.me/minexcoin
zeepin,https://t.me/zeepin
quasarcoin,NOT FOUND
apex,https://t.me/APEXcommunity
ttc-protocol,https://t.me/ttc_en
travala,https://t.me/travala
swftcoin,https://t.me/swfcoin
fortuna,https://t.me/joinchat/HLLR30itYzsgzml2cPkzCA
eosdac,https://t.me/eosdacio
adtoken,NOT FOUND
distributed-credit-chain,https://t.me/DccOfficial
blackmoon,https://t.me/blackmooncrypto
xaurum,https://t.me/XaurumAddingValue
delphy,NOT FOUND
rublix,https://t.me/rublixdev
swissborg,https://t.me/SwissBorgChat
primalbase,https://t.me/joinchat/DrIJjkLBNMbZ_Q94kRQQ9Q
daostack,https://t.me/daostackcommunity
mark-space,https://t.me/markspaceio
ternio,https://t.me/ternio_token
sakura-bloom,NOT FOUND
darcio-ecosystem-coin,https://t.me/joinchat/Gvx5mxFWu7_OVJApUXxb5Q
dxchain-token,NOT FOUND
upfiring,NOT FOUND
0chain,https://t.me/Ochain
aurora-dao,NOT FOUND
bitcoin-atom,http://t.me/bitcoinatom
moneytoken,https://t.me/moneytoken
kickico,https://t.me/kickico
xel,NOT FOUND
goldcoin,https://t.me/goldcoin
opacity,https://t.me/OpacityStorage
six-domain-chain,https://t.me/sdchainen
bit-z-token,https://t.me/bitzEN
spindle,https://t.me/spindlezone
iocoin,https://t.me/joinchat/CqVqS0O3PjCTx9bfp4CwOQ
winding-tree,https://t.me/windingtree
ink,https://t.me/joinchat/GHiS0A7C841w1NbTNwIYIQ
nexty,https://t.me/nexty_io
massgrid,https://t.me/joinchat/FTulqQr_FOgB4QWbF3mF4w
synthetix-network-token,NOT FOUND
atn,https://t.me/ATN_Blockchain
consensus,https://t.me/consensus_ai
morpheus-network,https://t.me/themorpheusnetwork/
diamond,NOT FOUND
alqo,https://t.me/alqochat
baasid,https://t.me/baasidnotice
avinoc,https://t.me/AVINOC
remme,https://t.me/remme
b2bx,https://t.me/b2bx_eng
free-coin,NOT FOUND
humanscape,https://t.me/Humanscape
safeinsure,NOT FOUND
blue-whale-token,https://t.me/bluewhalefdn
vinchain,https://t.me/vinchainio
eden,https://t.me/edenchainio
bit-tube,https://t.me/ipbcenglish
peerplays-ppy,https://t.me/peerplays
polyswarm,https://t.me/PolySwarm
playgame,https://t.me/playgamecom_en
revolutionvr,https://t.me/revolutionvr
hempcoin,NOT FOUND
decent,NOT FOUND
spacechain,NOT FOUND
dadi,https://t.me/dadichat
monetaryunit,NOT FOUND
flash,NOT FOUND
hi-mutual-society,https://t.me/hmsglobal
gene-source-code-chain,https://t.me/GeneSourceCode
deeponion,https://t.me/DeepOnionCoin
nanjcoin,NOT FOUND
insureum,https://t.me/insureum
dacsee,https://t.me/DACSEEofficial
spectrecoin,https://t.me/spectrecoin
commerceblock,https://t.me/joinchat/Ge36IURXhKAS_6HTznUXUg
eccoin,NOT FOUND
bean-cash,NOT FOUND
graft,https://t.me/joinchat/EneBw0RALAOjkSL2mdt2Gw
ulord,NOT FOUND
haven-protocol,NOT FOUND
myriad,https://t.me/Myriadcoinofficial
skrumble-network,https://t.me/skrumble
lendingblock,https://t.me/lendingblock
bitcoin-green,https://t.me/bitcoin_green
qunqun,https://t.me/qunqun_io
zen-protocol,https://t.me/zenprotocol
zebi,https://t.me/ZebiData
xpa,https://t.me/joinchat/CvaXNg4T_y13oqxdix9y9w
bitguild-plat,https://t.me/joinchat/HtbMeE8YtEEDQExesDQgPg
carvertical,https://t.me/carVerticalio
crown,https://t.me/crownplatform
radium,NOT FOUND
deepbrain-chain,http://t.me/deepbrainchain
rapids,https://t.me/RapidsOfficial
sentinel,https://t.me/Sentinel_Announcements
xinfin-network,https://t.me/xinfintalk
vipstar-coin,https://t.me/vipstarcoin_officiai
divi,https://t.me/diviproject
phore,https://t.me/PhoreProject
fuzex,https://t.me/FuzeX
brahmaos,https://t.me/BrahmaOS
etheroll,NOT FOUND
cargox,https://t.me/joinchat/GAKhBQ48675fRRMEd-kLcw
vericoin,NOT FOUND
seele,https://t.me/seeletech
scorum-coins,https://t.me/SCORUM
noku,https://t.me/nokuofficial
bulwark,https://t.me/bulwarkcrypto
ebcoin,https://t.me/EBCoinGlobal
pal-network,https://t.me/PolicyPalNetwork
dimecoin,https://t.me/Dimecoinofficialpublic
linkeye,https://t.me/linkeye_en
switcheo,https://t.me/switcheo
experience-points,https://t.me/xpcoin
rise,https://t.me/risevisionofficial
adshares,https://t.me/adshares
ceek-vr,https://t.me/ceekvrtokensale
dubaicoin-dbix,NOT FOUND
crowd-machine,https://t.me/crowdmachine
six,https://t.me/SIXnetwork
olympus-labs,http://t.me/olympuslabs
farmatrust,NOT FOUND
gridcoin,https://t.me/gridcoin
neurotoken,NOT FOUND
bankex,https://t.me/bankex
ultiledger,https://t.me/ultiledger
xmax,https://t.me/XMXblock_org
daex,https://t.me/daexofficialgroup_en
helium,https://t.me/HeliumChain
kambria,https://t.me/kambriaofficial
synereo,NOT FOUND
hydro-protocol,https://t.me/hydroprotocol
rightmesh,https://t.me/RightMesh_Official
weshow-token,https://t.me/weshow
u-network,https://t.me/UNetwork
nolimitcoin,https://t.me/NoLimitCoinNLC2
unibright,https://t.me/unibright_io
axpire,https://t.me/AxpireOfficial
friends,https://t.me/friendzICO
suncontract,https://t.me/suncontract
luxcoin,https://t.me/LUXcoreOfficial
zelcash,https://t.me/zelcash
chatcoin,NOT FOUND
traxia,https://t.me/traxiafoundation
bitmart-token,https://t.me/BitmartExchange
decision-token,https://t.me/horizonstate
bodhi,http://t.me/bodhifoundation
cvcoin,https://t.me/crypviser
fnkos,https://t.me/fnkofficial
aergo,https://t.me/aergoofficial
measurable-data-token,https://t.me/measurabledata
edrcoin,https://t.me/edrcoingroup
humaniq,https://t.me/HMQtrader
soarcoin,https://t.me/joinchat/FoiRKg5U9wMPNAKz3mVflA
lina,https://t.me/linareviewintl
solaris,https://t.me/solariscoin
stellite,https://t.me/Stellite_EN
semux,https://t.me/semuxproject
global-social-chain,https://t.me/gsc_official
hiveterminal-token,https://t.me/hiveprojectnet
business-credit-alliance-chain,https://t.me/bcachainofficial
espers,https://t.me/EspersCoin
happycoin,https://t.me/happycoinofficial
yee,NOT FOUND
footballcoin,https://t.me/joinchat/HIik3wz4MX_r1Qxnc4P0GA
molecule,NOT FOUND
toacoin,https://t.me/toacoinofficial
yocoin,https://t.me/yocointeam
dimcoin,https://t.me/dimcoinICO
bloomtoken,https://t.me/joinchat/FFWDdQ1hxqIg3jLe7zBVFQ
zeusshield,NOT FOUND
fox-trading,https://t.me/FoxTradingSignals
kcash,https://t.me/KcashOfficial
robet,https://t.me/RobetCoin
liquidity-network,https://t.me/liquiditynetwork
dovu,https://t.me/dovuofficial
egretia,http://t.me/Egretia
nimiq,https://t.me/joinchat/AAAAAEJW-ozFwo7Er9jpHw
constellation,https://t.me/constellationcommunity
electrifyasia,https://t.me/electrifyasia
brickblock,https://t.me/brickblock
welltrado,https://t.me/welltrado
aidoc,https://t.me/AidocMeEn
exrnchain,https://t.me/joinchat/G9VCdRBHfrLMp9EpG7kWRQ
cardstack,NOT FOUND
zper,https://t.me/zper_kr_official
sphere,NOT FOUND
mvl,https://t.me/mvlchain_en
ubex,https://t.me/UbexAI
chronobank,NOT FOUND
yeed,https://t.me/YggdrashEng
ifoods-chain,https://t.me/ifoodschainEN
dnotes,NOT FOUND
cova,https://t.me/covalentofficial
sureremit,https://t.me/sureremit/
zap,https://t.me/ZapOracles
karma-eos,https://t.me/karmaapp
spectre-utility,https://t.me/joinchat/FlBl_UORqQZo-FbiPkHikA
hoqu,https://t.me/hoqu_official
fanstime,NOT FOUND
birake,NOT FOUND
hashgard,https://t.me/hashgardeng
aidcoin,https://t.me/aidcoincommunity
fountain,https://t.me/FountainOfficial
phantasma,https://t.me/phantasma_io
banca,NOT FOUND
invacio,https://t.me/joinchat/HDfbvlCNhccor1sInV9kYQ
circuits-of-value,NOT FOUND
local-coin-swap,https://t.me/localcoinswap
coinvest,https://t.me/coinvestHQ
ixledger,https://t.me/iXledger
okcash,NOT FOUND
ugchain,https://t.me/ugChainOfficial
motocoin,NOT FOUND
lightpaycoin,https://t.me/lightpaycoins
vexanium,http://t.me/vexaniuminfo
litex,https://t.me/litex_official
masari,https://t.me/masaricurrency
flixxo,https://t.me/flixxo
gentarium,NOT FOUND
guppy,https://t.me/matchpool
hashcoin,NOT FOUND
gems-protocol,https://t.me/gemsorg
zmine,NOT FOUND
medical-chain,https://t.me/medicalchain
copytrack,https://t.me/copytrackhq
bezop,https://t.me/bezop
solarcoin,NOT FOUND
prochain,https://t.me/ProChainTech
contentbox,https://t.me/BoxCommunity
mktcoin,NOT FOUND
bitsend,NOT FOUND
musicoin,https://t.me/joinchat/EjEVYj-Eimg0xJzUsTotrA
trueflip,https://t.me/joinchat/AAAAAELcwT-fgH2zG7xEng
snetwork,https://t.me/snetwork_official
the-abyss,https://t.me/theabyss
neurochain,https://t.me/neurochain_official
golos,NOT FOUND
paypex,https://t.me/paypex
aventus,NOT FOUND
dav-coin,https://t.me/DAVNetwork
ink-protocol,https://t.me/paywithink
pura,https://t.me/puraofficial
hacken,https://t.me/hacken_en
on-live,https://t.me/OnLive
sibcoin,https://t.me/sibcoin_en
susd,NOT FOUND
morpheus-labs,https://t.me/morpheuslabs
mysterium,https://t.me/Mysterium_Network
real,NOT FOUND
domraider,https://t.me/DomRaider_Chat
valuecybertoken,https://t.me/valuecyber
miners-reward-token,NOT FOUND
oxycoin,https://t.me/oxycoinNL
swarm-city,NOT FOUND
echolink,https://t.me/EcholinkOfficial
trustnote,https://t.me/TrustNote
patientory,NOT FOUND
airbloc,https://t.me/airbloc
pundi-x-nem,https://t.me/nemxpos
expanse,NOT FOUND
credit-tag-chain,https://t.me/credittag
selfsell,NOT FOUND
insights-network,https://t.me/InsightsNetwork
pirl,NOT FOUND
trinity-network-credit,https://t.me/TrinityStateChannels
sense,https://t.me/SenseToken
nebula-ai,https://t.me/NebulaAICommunity
patron,https://t.me/patroncoin
intercrone,https://t.me/intercrone_international
simmitri,https://t.me/simmitritoken
blocktrade-token,https://t.me/Blocktrade_com
latiumx,https://t.me/joinchat/GPJK8w3rbib8uj58hUXMJw
energitoken,https://t.me/energitoken
vezt,https://t.me/joinchat/F_38d0NlVp_oQfB0S5u1Fg
sharder,https://t.me/sharder_talk
indahash,https://t.me/indaHash_chat
boxx-token-blockparty,https://t.me/BlockpartyCommunity
eligma-token,https://t.me/eligma
privatix,https://t.me/Privatix
datx,https://t.me/datxofficial01
novacoin,NOT FOUND
effect-ai,https://t.me/effectai
oneledger,https://t.me/oneledger
exclusivecoin,NOT FOUND
bitcoin-incognito,https://t.me/joinchat/Ix17kQ8MvSJGMSfnMOzuUg
cashbet-coin,https://t.me/cashbetcoin
datawallet,https://t.me/datawallet
midasprotocol,https://t.me/midasprotocolglobal
trust,NOT FOUND
newyorkcoin,https://t.me/NewYorkCoinNYC
qbao,https://t.me/QbaofoundationEn
cryptopay,https://t.me/cryptopayico
shield-xsh,NOT FOUND
truedeck,https://t.me/thetruedeck
energo,https://t.me/EnergoEnglishCommunity
x8x-token,https://t.me/x8Project
dynamic,NOT FOUND
dopecoin,NOT FOUND
artbyte,NOT FOUND
tolar,https://t.me/tolarofficial
cappasity,https://t.me/cappasity3d
ucash,https://t.me/ucash
stk,https://t.me/stktoken
bitcoiin,https://t.me/joinchat/AAAAAE3ou3rIhk4Js6FKew
snovio,https://t.me/snovio_ico
howdoo,https://t.me/howdooHQ
digital-asset-guarantee-token,https://t.me/DAGTofficial
wixlar,https://t.me/wixlar
owndata,https://t.me/joinchat/Hr2kt06aQWrteu_rnRu-Kg
experty,https://t.me/experty_io
education-ecosystem,https://t.me/educoins
airwire,https://t.me/AirWire
insurepal,https://t.me/InsurePal
tatatu,https://t.me/tatatuofficial
savedroid,https://t.me/savedroid
b2bcoin,https://t.me/joinchat/GCeNfxAVLy6bo6VNR3a9hg
trittium,NOT FOUND
banyan-network,https://t.me/BBNGlobalFans
stox,https://t.me/joinchat/DByWw0Pnq9BAy4FqPv_Lyg
syndicate,https://t.me/syndicateLTD
global-awards-token,https://t.me/gatcoin
red,https://t.me/redofficial
flip,https://t.me/flip_token
foldingcoin,NOT FOUND
korecoin,NOT FOUND
wabnetwork,https://t.me/WABgroup
mallcoin,https://t.me/flogmallen
ethereum-blue,https://t.me/joinchat/HBDo00IO49STMJuIwJi08g
arionum,NOT FOUND
sharpe-platform-token,https://t.me/sharpecapital
bitcoinz,https://t.me/joinchat/CDzlaRGMvBm4P2Z76sNclQ
block-array,https://t.me/Block_Array
shivom,https://t.me/projshivom
popchain,https://t.me/popchain_global
datum,https://t.me/datumnetwork
gonetwork,https://t.me/gonetworkAnn
qwark,NOT FOUND
pinkcoin,NOT FOUND
hollywoodcoin,https://t.me/HollyWoodCoinUS
autonio,https://t.me/Autonio
likecoin,https://t.me/likecoin
giant-coin,https://t.me/GiantCoin
fintrux-network,https://t.me/FintruX
vetri,https://t.me/vetri_global
silent-notary,https://t.me/silentnotary
tgame,https://t.me/truegame_chat
niobium-coin,https://t.me/joinchat/AfuUABAOfiR53OVq6ItSCA
veriumreserve,NOT FOUND
debitum-network,https://t.me/debitum
sentinel-chain,https://t.me/sentinelchain
lethean,https://t.me/letheanVPN
thrive-token,https://t.me/thriveico
data-exchange,https://t.me/databrokerdao
arbidex,https://t.me/arbidexchat
alphacat,https://t.me/alphacatglobal
memetic,https://t.me/pepecoins
deviantcoin,https://t.me/DeviantDEV
traceability-chain,https://t.me/tacchain
acute-angle-cloud,https://t.me/acuteanglecloud
mywish,https://t.me/MyWish_platform
paycent,https://t.me/paycent
beetle-coin,NOT FOUND
merculet,https://t.me/merculet
1337coin,https://t.me/elitecoinofficial
internet-of-people,https://t.me/IoPofficial
coinsuper-ecosystem-network,NOT FOUND
herocoin,https://t.me/joinchat/FsEwOwtrCZMWwHokEj70Gw
iethereum,http://t.me/joinchat/GHsFXg8gMQkTIBUPArpo1g
intervalue,https://t.me/InterValueProject
canyacoin,https://t.me/CanYaCommunity
vulcano,https://t.me/vulcanocoin
stronghands,https://t.me/stronghands
suqa,https://t.me/joinchat/KHrlAUd3hwzgV6dS8qMu4A
social-send,NOT FOUND
bee-token,https://t.me/beetoken
neoscoin,NOT FOUND
voisecom,http://t.me/voiseANN
utrum,https://t.me/utrumdotio
atlant,https://t.me/atlant_eng
bitcoin-plus,https://t.me/xbcplus
bounty0x,https://t.me/bounty0x
coinpoker,https://t.me/officialcoinpoker
tronclassic,https://t.me/ClassicTron
faceter,https://t.me/faceter
adbank,https://t.me/joinchat/GPdeT0mPAe7bz36x-FSQ1w
internxt,https://t.me/InternxtHQ
ailink-token,https://t.me/ailinkofficial
coinfi,https://t.me/coinfi
travelflex,https://t.me/travelflexchat
logiscoin,https://t.me/logiscoins
repme,https://t.me/repmecrew
formosa-financial,https://t.me/formosafinancial
mybit,https://t.me/mybitio
niobio-cash,https://t.me/joinchat/Cd-S-00GSstUTkst4LmQ1Q
ethersocial,https://t.me/ethersocialofficial
realtract,https://t.me/RealTractOfficial
uquid-coin,https://t.me/uquidcoin
breakout,NOT FOUND
aphelion,https://t.me/AphelionToken
transfercoin,NOT FOUND
rentberry,https://t.me/joinchat/E6YjkQ2yQwBk9WaP0q-zMQ
mtc-mesh-network,https://t.me/MTC_IO
atonomi,https://t.me/atonomi_io
colu-local-network,https://t.me/joinchat/Gcrd9Q_E_rgGEjDqmn9Gtg
encryptotel,NOT FOUND
gravitycoin,https://t.me/gravitycoin
ubcoin-market,https://t.me/ubcoinmarket
goldmint,https://t.me/goldmintio
bitscreener-token,https://t.me/bitscreener
fedoracoin,https://t.me/FedoraTipsCoinOfficial
hold,https://t.me/HoldHQ
clearpoll,https://t.me/joinchat/GTXXzULLOaZbxN_VLu8DTw
model-x-coin,https://t.me/ModelX_Webcam
gobyte,https://t.me/GoByteNetwork
narrative,https://t.me/narrativenetwork
zcore,https://t.me/ZCoreMiners
srcoin,https://t.me/SRCOIN_EN
rupee,https://t.me/rupeeblockchain
siacashcoin,https://t.me/SiaCashCoinChat
essentia,https://t.me/essentia_one
capricoin,NOT FOUND
nework,https://t.me/nework_pro
optitoken,https://t.me/OptiToken
nerva,NOT FOUND
ormeus-coin,NOT FOUND
cpollo,https://t.me/cpollo2
fsbt-api-token,https://t.me/thefortyseven
eventchain,NOT FOUND
dether,https://t.me/joinchat/GkdUjUQ4jx_Apxmz2km4ww
sharechain,NOT FOUND
ryo-currency,https://t.me/ryocurrency
nper,http://t.me/Npereng
bethereum,https://t.me/bethereum
0xbtc,NOT FOUND
uchain,https://t.me/UchainEcosystem
payfair,https://t.me/payfair
x-cash,https://t.me/xcashglobal
graviocoin,https://t.me/graviex
fantasygold,NOT FOUND
w3coin,NOT FOUND
rate3,https://t.me/OfficialRate3
devery,https://t.me/deverynews
sp8de,https://t.me/sp8de
karbo,https://t.me/karbo_en
guaranteed-ethurance-token-extra,https://t.me/inschain_official
bitrent,https://t.me/bitrentio
snowgem,NOT FOUND
condominium,NOT FOUND
reftoken,https://t.me/RefToken
zilla,https://t.me/zilla_app
veros,https://t.me/veros_coin
betterbetting,https://t.me/betterbetting
verify,https://t.me/verifyas
bitnautic-token,https://t.me/bitnautic_group
mediccoin,https://t.me/mediccoins
kryll,https://t.me/kryll_io
jsecoin,https://t.me/jsetelegram
sharpay,https://t.me/sharpay_io
heronode,https://t.me/HeroNode2
pluton,NOT FOUND
jet8,https://t.me/Jet8_ecosystem
nubits,NOT FOUND
stronghold-usd,https://t.me/strongholdxchg
crycash,https://t.me/crycash
biblepay,NOT FOUND
fire-lotto,https://t.me/firelotto
skincoin,NOT FOUND
bettex-coin,NOT FOUND
gravity,https://t.me/Gravity_GZRO_Coin
olive,https://t.me/OliveOfficialgreenOLE
ebtcnew,https://t.me/ComTrust
worldcore,http://t.me/worldcore
matryx,https://t.me/matryxai
eboostcoin,https://t.me/eBoostCoinChat
cannabiscoin,NOT FOUND
hbz-coin,https://t.me/helbiz
0xcert,https://t.me/zeroxcert
kalkulus,NOT FOUND
beacon,NOT FOUND
euno,https://t.me/EUNOofficial
dprating,http://t.me/DPRating
white-standard,NOT FOUND
auxilium,https://t.me/auxiliumcommunity
etheera,https://t.me/etheera_chat
daneel,https://t.me/DaneelCommunity
freyrchain,https://t.me/Freyrchain_Official
heartbout,https://t.me/heartbout
relex,https://t.me/relex_core
aichain,https://t.me/ait_cn
sapien,https://t.me/SapienNetwork
ab-chain-rtb,https://t.me/joinchat/A-8zF0RPWnGoEq5wVlfSqg
erc20,https://t.me/erc20coin
indorse-token,NOT FOUND
blitzpredict,NOT FOUND
atbcoin,https://t.me/atbcoinchat
blockmesh,https://t.me/joinchat/Ep1AWRGoq-J1slfgmvQ32g
maverick-chain,https://t.me/MaverickChain
proton-token,https://t.me/ProtonToken
adhive,https://t.me/adhivetv
profile-utility-token,https://t.me/Robin8_PUT
the-champcoin,NOT FOUND
belacoin,https://t.me/letslivebela
lrm-coin,https://t.me/lrmcoins
swisscoin,https://t.me/swisscoin_sic
pylon-network,https://t.me/pylonnetworkofficialtelegram
quadrantprotocol,https://t.me/quadrantprotocol
huntercoin,NOT FOUND
metamorph,https://t.me/metamorphofficial
playkey,https://t.me/playkey_io
apollon,NOT FOUND
bitswift,NOT FOUND
trakinvest,https://t.me/trakinvest
naviaddress,https://t.me/naviaddressnews
bitzeny,NOT FOUND
tokenbox,https://t.me/Tokenbox
bodhi-eth,https://t.me/BodhiEN
bobs-repair,https://t.me/joinchat/Fh-GcxFg6rX3GP6G0Egumw
next-exchange,https://t.me/nextexchange
cyclean,http://t.me/cycleangroup
ethereum-meta,https://t.me/ethereummeta
evergreencoin,NOT FOUND
cryptoflow,NOT FOUND
ultranote-coin,NOT FOUND
xovbank,https://t.me/XOVofficial
sumokoin,https://t.me/joinchat/F8RH2kPmFCnA-igHBKSCAA
origin-sport,https://t.me/OriginSport_EN
clearcoin,https://t.me/clearcoin
boutspro,https://t.me/boutspro
bitcoin-zero,https://t.me/joinchat/GxYG5FIPPWt7zvLUW8OKsw
kora-network-token,NOT FOUND
ether-1,NOT FOUND
coinlancer,https://t.me/Coinlancer
actinium,NOT FOUND
nerves,https://t.me/NervesGlobal
genesisx,NOT FOUND
dash-green,NOT FOUND
ionchain,https://t.me/ionchain
syncfab,https://t.me/syncfab
tena,https://t.me/tenaprotocol_ko
auctus,https://t.me/AuctusProject
akroma,NOT FOUND
bonpay,https://t.me/bonpay_eng
argentum,NOT FOUND
bitrewards,https://t.me/bitrewards
beat,https://t.me/beattoken
hyperquant,https://t.me/hyperquant
pareto-rewards,https://t.me/paretonetworkdiscussion
blocklancer,NOT FOUND
alt-estate-token,https://t.me/AltEstate
monkey-project,NOT FOUND
parkgene,https://t.me/parkgene
exmr,https://t.me/JoinEXMR/
zetacoin,NOT FOUND
realchain,https://t.me/realchain
quantis-network,https://t.me/quantis
kolion,NOT FOUND
iungo,https://t.me/iungonews
globaltoken,https://t.me/GlobalToken
decentralized-machine-learning,https://t.me/DecentralizedML
creditbit,NOT FOUND
aigang,https://t.me/aigangnetwork
mao-zedong,NOT FOUND
no-bs-crypto,https://t.me/joinchat/Gn2Ocg_ugvLie-2VD7w4ig
startercoin,https://t.me/coinstarter
mocrow,https://t.me/mocrowcommunity
ethergem,https://t.me/EGEM_Team
jetcoin,https://t.me/jetcoins
impleum,https://t.me/impleum_blockchain
absolute,https://t.me/absolute_community
menlo-one,https://t.me/Menloone
eunomia,https://t.me/eunomiaglobal
etherinc,https://t.me/eincHQ
snodecoin,NOT FOUND
skyhub-coin,https://t.me/skyhubcoin
more-coin,http://t.me/more_coin
bigbom,https://t.me/bigbomicogroup
newton-coin-project,https://t.me/newton_coin
bloc-money,https://t.me/bloc_money
aditus,https://t.me/aditusnetwork
citadel,https://t.me/citadelplatform
suretly,NOT FOUND
cfun,NOT FOUND
sportyco,https://t.me/SportyCo_official
elysian,https://t.me/elysian_ely
forkcoin,NOT FOUND
cyberfm,https://t.me/mftudotnet
apr-coin,https://t.me/aprcoin
dogecash,https://t.me/dogecashcoin
scriv-network,NOT FOUND
allsafe,https://t.me/joinchat/EBUonAwACQIYXovzxqsXVQ
ace,https://t.me/TokenStars_en
4new,https://t.me/FRNCoin
gold-poker,https://t.me/goldpokercoin
fundrequest,https://t.me/fundrequestofficial
webcoin,https://t.me/Webcoin
teloscoin,NOT FOUND
micromoney,https://t.me/micromoneyico
unify,https://t.me/joinchat/GaJPt0Ls6GxPhCTPXS3a4w
showhand,https://t.me/showhandofficial
bitcoin-token,NOT FOUND
draftcoin,https://t.me/btcdraftcoins
xmct,https://t.me/XMEDChain
bitwhite,https://t.me/BTW_Community
masternet,https://t.me/AkasicGlobal
ndex,https://t.me/ndexofficial
bitcoinus,https://t.me/joinchat/EArupgwBjB7GZFJSodtRHg
zinc,https://t.me/zinc_work
xdna,NOT FOUND
transcodium,https://t.me/transcodium
italian-lira,NOT FOUND
netkoin,https://t.me/netkoin
gohelpfund,https://t.me/gohelpfund
dorado,https://t.me/doradoico
tokendesk,https://t.me/tokendesk
lobstex,NOT FOUND
qurito,NOT FOUND
rupaya,NOT FOUND
pkg-token,https://t.me/pokemongopkg
briacoin,NOT FOUND
intelligent-trading-foundation,https://t.me/intelligenttrading
crystal-token,https://t.me/crystaltoken
greenmed,https://t.me/greenmedapp
futurax,https://t.me/futurax_info
bunnytoken,https://t.me/BunnyToken
datarius-credit,NOT FOUND
hurify,https://t.me/hurifyico
engagement-token,https://t.me/EngagementTokenOfficial
provoco-token,https://t.me/provoco_me
aegeus,https://t.me/joinchat/H6MhmRMCEGThVbXkPNhV4g
dowcoin,NOT FOUND
adzcoin,NOT FOUND
startcoin,NOT FOUND
bitnation,https://t.me/PangeaBitnation
herbalist-token,https://t.me/Herbalist_Token
mindexcoin,https://t.me/mindexcoin
kwhcoin,https://t.me/KWHCoinCommunityChannel
mmocoin,https://t.me/mmoprocoin
paws-fund,https://t.me/pawsfund
bitcoin2network,NOT FOUND
fivebalance,https://t.me/fivebalance
xgox,https://t.me/xgoxcoin
arbitragect,https://t.me/ArbitrageCT_en
quinads,https://t.me/QuinAdsToken
eltcoin,https://t.me/ELTCOIN
octoin-coin,NOT FOUND
bitether,https://t.me/joinchat/HDbibBJJdmisO614FaJAaA
modultrade,https://t.me/ModulTradeIO
peony,NOT FOUND
witchain,https://t.me/witchain
travelnote,https://t.me/TravelnoteICO
tourist-token,https://t.me/globaltouristgroup
bitcoinote,https://t.me/joinchat/GdDTqgwCLk2h4BjGgE1-_w
roulettetoken,NOT FOUND
igtoken,https://t.me/IGNITEOfficial
sonder,https://t.me/SONDER_official
mcap,NOT FOUND
sakecoin,NOT FOUND
plancoin,https://t.me/plancoindotco
thingschain,https://t.me/thingschain_group
micromines,https://t.me/MicroMines
thore-cash,https://t.me/joinchat/Hvav4RB5dJeFxdV_KvG27Q
typerium,https://t.me/typerium
cryptosoul,https://t.me/CryptoSoulENG
zenswap-network-token,https://t.me/ZenswapNetworkChat
qyno,NOT FOUND
bitmoney,NOT FOUND
dinero,https://t.me/DineroCoinMasternode
vikkytoken,https://t.me/vikkyglobal
gossipcoin,NOT FOUND
shivers,https://t.me/shiversio
olympic,https://t.me/olympiccoin
catocoin,NOT FOUND
project-coin,NOT FOUND
waletoken,https://t.me/waletokenfamily
roiyal-coin,NOT FOUND
decentralized-asset-trading-platform,https://t.me/DATP_Official
desire,NOT FOUND
italo,https://t.me/italocoincom
neural-protocol,http://t.me/neuralprotocol
cybermusic,https://t.me/cymtofficial
help-the-homeless-coin,NOT FOUND
tokenstars,https://t.me/TokenStars_en
mirai,NOT FOUND
mainstream-for-the-underground,NOT FOUND
folmcoin,NOT FOUND
bionic,https://t.me/joinchat/FjxGNQ8X2G9OTBMFO1GkkQ
cryptrust,https://t.me/cryptrusten
joint-ventures,https://t.me/jointventures
delta-chain,https://t.me/deltachaingroup
havy,https://t.me/havygroup
ether-kingdoms-token,https://t.me/imptoken
kun,https://t.me/Kuna_official
ponzicoin,NOT FOUND
yolocash,https://t.me/YOLO_World
cyber-movie-chain,https://t.me/CybermovieChainOfficial
bitcoin-one,NOT FOUND
ourcoin,NOT FOUND
tokugawa,NOT FOUND
abulaba,https://t.me/Abulaba_coin
centrality,NOT FOUND
bhpcash,https://t.me/bhpfinance
uttoken,https://t.me/uttokenchannel
ecoreal-estate,https://t.me/ecorealtoken
dew,https://t.me/dew_cn
faircoin,NOT FOUND
casinocoin,NOT FOUND
lykke,NOT FOUND
bitnewchain,https://t.me/BitNewchain
cofound-it,NOT FOUND
parkingo,NOT FOUND
xtrabytes,https://t.me/xtrabytes_official
aston,https://t.me/joinchat/HJVnDA9SmlOueciQIBEoQQ
bitcoin-interest,https://t.me/bitcoininterest
xceltoken,https://t.me/XcelToken
global-cryptocurrency,https://t.me/GCCglobalcryptocurrency
starta,https://t.me/starta_ico
grid,NOT FOUND
pandacoin-pnd,https://t.me/DigitalPandacoin
ice-rock-mining,https://t.me/icerockmining
bismuth,NOT FOUND
online,https://t.me/OnlineIO
stealth,https://t.me/stealthsend
pepe-cash,NOT FOUND
ecobit,https://t.me/EcobitOfficialTelegram
mintcoin,https://t.me/joinchat/AYSXZBGdWRH6jeIX_EJijg
encrypgen,NOT FOUND
ivy,https://t.me/ivyKoinchat
playgroundz,https://t.me/playgroundz
change,https://t.me/joinchat/GWX8HkLwpOoocINbLXfRtg
get-protocol,https://t.me/getprotocol
asiacoin,NOT FOUND
taas,NOT FOUND
bitdice,https://t.me/bitdice_casino
mib-coin,https://t.me/joinchat/DNeZgA-RivbU3EOQfl-wIQ
empowr-coin,https://t.me/joinchat/HSki9RFxH1fMpy4CESIfbw
hubii-network,https://t.me/hubiinetwork
fluz-fluz,https://t.me/fluzfluzico
incent,NOT FOUND
amlt,https://t.me/AMLT_Coinfirm
proxeus,https://t.me/joinchat/Gj6qYUpY1XHgHGnQa9msvA
databits,https://t.me/augmentorsgame
firstblood,NOT FOUND
shipchain,https://t.me/shipchain
dotcoin,http://t.me/Dot_Coin
horuspay,https://t.me/horuspayUS
gambit,NOT FOUND
rubycoin,NOT FOUND
karma,https://t.me/karmaprojecten
dao-casino,https://t.me/daocasino
curecoin,NOT FOUND
aurumcoin,https://t.me/Aurum_Coin
xriba,https://t.me/xriba
linfinity,https://t.me/LinfinityEn
tv-two,https://t.me/tvtwocom
ondori,https://t.me/ondoricoin
rivetz,https://t.me/rivetz_corp
alis,NOT FOUND
vites,https://t.me/VitesOfficial
lynx,https://t.me/getlynxOfficial
life,https://t.me/joinchat/HFVijQ3hyhyQZa6LQCE-NQ/
omni,https://t.me/OmniLayer
open-platform,https://t.me/joinchat/FDNbh0M079p5fnfOHFEJaw
prasm,https://t.me/prasmnetwork
oraclechain,NOT FOUND
petrodollar,NOT FOUND
bitdegree,https://t.me/bitdegree
kleros,https://t.me/kleros
geocoin,NOT FOUND
alax,https://t.me/ALAX_io
bitcoen,https://t.me/Bitcoen_io
soniq,NOT FOUND
opus,https://t.me/opusfoundation
chips,NOT FOUND
pedity,https://t.me/pedity
hicoin,NOT FOUND
lomocoin,https://t.me/lomocoin
vice-industry-token,https://t.me/viceindustrytoken
bitcrystals,NOT FOUND
aware,https://t.me/AWARECn
tokes,NOT FOUND
anoncoin,NOT FOUND
sequence,NOT FOUND
leverj,https://t.me/joinchat/C-gLzkMqKr1zmoeS-ZQePg
maecenas,NOT FOUND
fidentiax,https://t.me/fidentiaX
eroscoin,https://t.me/eroscoinplatform
new-power-coin,NOT FOUND
seal-network,https://t.me/sealnetwork
ergo,NOT FOUND
b3coin,NOT FOUND
42-coin,https://t.me/chat42coin
blockpass,https://t.me/blockpass
kind-ads-token,https://t.me/kindads
rebl,https://t.me/RebelliousCoin
thorecoin,https://t.me/joinchat/Hvav4RB5dJeFxdV_KvG27Q
food,NOT FOUND
2give,NOT FOUND
breakout-stake,NOT FOUND
maxcoin,NOT FOUND
auroracoin,NOT FOUND
sociall,https://t.me/sociall_io
attention-token-of-media,NOT FOUND
obits,NOT FOUND
ethbits,https://t.me/ETBS_Official
pikciochain,https://t.me/PikcioChain
lampix,https://t.me/lampix_project
idex-membership,NOT FOUND
verime,https://t.me/joinchat/Gizz-A7awH81i3pEGgB1dw
luna-stars,https://t.me/meetluna
gladius-token,http://t.me/gladiusio
sether,https://t.me/sethergroup
stipend,https://t.me/StipendOfficial
atmos,NOT FOUND
ip-exchange,https://t.me/IPExchange
apx,https://t.me/apxventures
sprouts,https://t.me/joinchat/GzUQAg4PcMfEuwVK7AK1DQ
bitqy,NOT FOUND
hellogold,https://t.me/hellogoldofficial
carboncoin,NOT FOUND
bitshares-music,NOT FOUND
bitmark,NOT FOUND
uniform-fiscal-object,https://t.me/UFOCoin
peepcoin,https://t.me/PXNOFFCIAL
wearesatoshi,https://t.me/wearesatoshi1
quark,NOT FOUND
litedoge,https://t.me/ldoge
worldcoin,NOT FOUND
bluecoin,https://t.me/joinchat/CB8D9A8jicz78p02QWTI6w
eristica,https://t.me/eristica
iqeon,https://t.me/IQeonICO
bridge-protocol,https://t.me/BRIDGEprotocol
zeitcoin,NOT FOUND
carboneum-c8-token,https://t.me/carboneum_c8
phi-token,https://t.me/joinchat/AecpoEhlgK2yC70FzPp0iA
1world,https://t.me/oneworldonlineico
heat-ledger,NOT FOUND
zippie,https://t.me/zippiehq
monster-byte,NOT FOUND
tiesdb,https://t.me/tiesnetwork
coin-lion,https://t.me/CoinLion_Platform
manna,NOT FOUND
buzzcoin,NOT FOUND
equal,https://t.me/joinchat/GtLjl1JMYiTHzhaQA5CGPw
e-gulden,NOT FOUND
woodcoin,NOT FOUND
xenon,https://t.me/xenon_network
blockcat,NOT FOUND
nexium,NOT FOUND
zero,https://t.me/zerocurrency
denarius-dnr,NOT FOUND
bullion,https://t.me/joinchat/FkBLVEimXQscVn1cetdd4g
noir,https://t.me/NoirOfficial
shard,NOT FOUND
terracoin,https://t.me/terracoin
bitclave,https://t.me/BitClaveCommunity
elixir,https://t.me/ElixirToken
puregold-token,https://t.me/joinchat/G0WpKFEKijI_lSVpn1Mb0Q
trezarcoin,NOT FOUND
powercoin,https://t.me/joinchat/I0JIzQ_EurCYECKM91OiDw
publica,https://t.me/publicaofficial
croat,NOT FOUND
tigereum,https://t.me/tigereum
adelphoi,NOT FOUND
pesetacoin,https://t.me/joinchat/AAAAAEKf5_1-Yx1b2vYOaw
gcn-coin,https://t.me/joinchat/HNyhE0U_0gD4TSJUvv6Ldg
investfeed,https://t.me/investfeed
target-coin,NOT FOUND
flypme,NOT FOUND
biocoin,https://t.me/biocoinchat_ru
bitcloud,https://t.me/bitcloud_btdx
nushares,NOT FOUND
hackspace-capital,https://t.me/joinchat/Askr5UMsqSY43VQKFoS-kQ
hyperstake,NOT FOUND
universe,https://t.me/UniverseUNI
wandx,https://t.me/wandxapp
ixcoin,NOT FOUND
teslacoin,NOT FOUND
orbitcoin,NOT FOUND
kobocoin,NOT FOUND
neutron,https://t.me/NeutronCoin
cryptosolartech,https://t.me/cryptosolartechEN
qubitcoin,NOT FOUND
trollcoin,NOT FOUND
paymon,https://t.me/paymoneng
smileycoin,https://t.me/SmileyCoinInternational
mnpcoin,NOT FOUND
cryptocarbon,https://t.me/ccrbofficial
fidelium,https://t.me/fideliumtoken
signal-token,NOT FOUND
bunnycoin,NOT FOUND
noblecoin,NOT FOUND
skeincoin,https://t.me/SkeincoinLLC
knoxstertoken,https://t.me/FortKnoxster
popularcoin,NOT FOUND
lala-world,https://t.me/LaLaWorld
ethorse,NOT FOUND
photon,https://t.me/Blake_Community
bitibu-coin,NOT FOUND
locicoin,https://t.me/LociNexus
divi-exchange-token,https://t.me/diviproject
canada-ecoin,NOT FOUND
signals-network,https://t.me/signals_network
tracto,NOT FOUND
cryptoping,NOT FOUND
i0coin,NOT FOUND
universal-currency,NOT FOUND
drp-utility,https://t.me/dcorp_vc
commercium,https://t.me/CommerciumCoin/
peng,NOT FOUND
obsidian,NOT FOUND
cruisebit,https://t.me/joinchat/AAAAAFLfVVUhBLr58TzSlQ
shping,https://t.me/ShpingCommunity
rookiecoin,https://t.me/rookiecoin_announce
ongsocial,https://t.me/onG_social/
starbase,https://t.me/starbase
bitbar,NOT FOUND
vsync-vsx,https://t.me/VSXcoin
ethersportz,https://t.me/ESZCoin
monacocoin,https://t.me/XMCCMonoeci
aquariuscoin,NOT FOUND
biotron,https://t.me/biotronfoundation
audiocoin,NOT FOUND
russiacoin,NOT FOUND
imbrex,https://t.me/imbrex
campuscoin,NOT FOUND
block-logic,https://t.me/bltgx
galactrum,NOT FOUND
fujicoin,NOT FOUND
kekcoin,https://t.me/KekcoinOfficial
dinastycoin,NOT FOUND
darcrus,https://t.me/darcrus
incakoin,NOT FOUND
neverdie,NOT FOUND
force,https://t.me/forcenetworkio
posw-coin,https://t.me/joinchat/BdGxxw-s3b4_DdBdbChI4g
amon,https://t.me/amontech
bitcoin-scrypt,NOT FOUND
zest,NOT FOUND
condensate,https://t.me/condensaterain
zennies,NOT FOUND
globalboost-y,NOT FOUND
bitsilver,NOT FOUND
equitrader,https://t.me/Equi_Trader
speed-mining-service,NOT FOUND
cryptonite,NOT FOUND
growers-international,NOT FOUND
bbscoin,NOT FOUND
crea,NOT FOUND
ellaism,https://t.me/ellaismcoin
student-coin,https://t.me/bitjob
elcoin-el,NOT FOUND
chronologic,https://t.me/chronologicnetwork
blockpool,NOT FOUND
view,https://t.me/viewly
bitgold,NOT FOUND
freicoin,NOT FOUND
level-up,https://t.me/play2live
digitalprice,NOT FOUND
talao,https://t.me/talaocommunity
well,https://t.me/joinchat/Gm8ffBFfcLnbwDWJeDVBCA
magnet,NOT FOUND
commodity-ad-network,NOT FOUND
cream,https://t.me/creamcryptocurrency
soma,https://t.me/Somacommunity
digital-insurance-token,https://t.me/inmediate
mithril-ore,NOT FOUND
bitbtc,NOT FOUND
tokia,https://t.me/tokiaio
lanacoin,https://t.me/LanaCoin
ac3,http://t.me/ac3network
hush,NOT FOUND
shadow-token,NOT FOUND
truckcoin,NOT FOUND
advanced-internet-blocks,https://t.me/aibone
phoenixcoin,NOT FOUND
tittiecoin,https://t.me/joinchat/FBo2SxHdboOmd5LNaAoGEg
adcoin,https://t.me/adcoinacc
oceanlab,NOT FOUND
op-coin,https://t.me/opcxann
chesscoin,NOT FOUND
surety,https://t.me/suretyai
platinumbar,NOT FOUND
simdaq,https://t.me/simdaq
goodomy,https://t.me/goodomy_token
pigeoncoin,https://t.me/Pigeoncoin
gainer,NOT FOUND
etheriya,NOT FOUND
crowdwiz,https://t.me/crowdwiz
putincoin,NOT FOUND
leadcoin,https://t.me/LeadCoinNetwork
blockchain-certified-data-token,NOT FOUND
biteur,NOT FOUND
straks,https://t.me/STRAKS_Telegram
bitstation,https://t.me/joinchat/HuLgZg4lZFHW8uOxwhAqlQ
cazcoin,https://t.me/CopicoOfficial
jesus-coin,NOT FOUND
elementrem,NOT FOUND
bitradio,NOT FOUND
megacoin,NOT FOUND
trumpcoin,NOT FOUND
spreadcoin,NOT FOUND
evimeria,https://t.me/evimeria
wavesgo,NOT FOUND
cointogo,https://t.me/cointogo
hodlcoin,NOT FOUND
ignition,NOT FOUND
tidex-token,NOT FOUND
opal,NOT FOUND
linx,https://t.me/LINXCOIN/
vivid-coin,https://t.me/vividcoin
gapcoin,NOT FOUND
nullex,https://t.me/NullexOfficial
paycoin2,NOT FOUND
sugar-exchange,https://t.me/joinchat/GCd1KBFberV538lleS0kZQ
opcoinx,NOT FOUND
nyancoin,NOT FOUND
iridium,NOT FOUND
ethereumcash,https://t.me/ecashcommunity
moin,https://t.me/joinchat/Hb1PLw0270rqCMrwKIFBLg
women,NOT FOUND
joulecoin,NOT FOUND
emphy,https://t.me/joinchat/HCXRaUMf41kmp6jtG1qxxg
live-stars,https://t.me/livestarsio
magiccoin,NOT FOUND
firstcoin,NOT FOUND
deutsche-emark,NOT FOUND
jury-online-token,https://t.me/juryonline_community
arion,https://t.me/arioncoinofficial
dystem,NOT FOUND
sharex,NOT FOUND
zozocoin,https://t.me/zozocoins
martexcoin,https://t.me/martexcoin
bitstar,NOT FOUND
bata,https://t.me/bata_chat
digitalcoin,NOT FOUND
idealcash,https://t.me/IdealCashCryptoCurrency
shekel,https://t.me/joinchat/HSavJBEDeiPrcuQtIrnq9A
piggycoin,NOT FOUND
kz-cash,https://t.me/KZCash_Chat
ultracoin,NOT FOUND
huzu,NOT FOUND
magi,NOT FOUND
tagcoin,NOT FOUND
btctalkcoin,NOT FOUND
authorship,NOT FOUND
webchain,https://t.me/webchainnetwork
inflationcoin,https://t.me/Inflationcoin
rimbit,NOT FOUND
kanadecoin,NOT FOUND
blocknode,NOT FOUND
unitus,NOT FOUND
crave,https://t.me/craveproject
fastcoin,NOT FOUND
ccore,https://t.me/ccore_io
pitiscoin,NOT FOUND
eztoken,https://t.me/eztokensupport
azart,NOT FOUND
social-activity-token,https://t.me/sphere_official1
viuly,https://t.me/ViulyOfficial
netko,https://t.me/NetkoCoin
bitblocks,NOT FOUND
vivo,https://t.me/VIVOcoin
bdt-token,https://t.me/BitdepositaryCommunity
bitcoin-red,NOT FOUND
innova,NOT FOUND
vslice,NOT FOUND
sagacoin,https://t.me/joinchat/HXGeqw7tcjDU9UcpRxf0Lg
orbis-token,https://t.me/orbismesh
open-trading-network,https://t.me/OTNgroup
golfcoin,NOT FOUND
helleniccoin,https://t.me/Helleniccoin_official
arcticcoin,NOT FOUND
bitcoinfast,https://t.me/BCFast
808coin,NOT FOUND
triangles,NOT FOUND
blakecoin,NOT FOUND
crowdholding,https://t.me/Crowdholding
procurrency,NOT FOUND
britcoin,NOT FOUND
emerald,https://t.me/EmeraldCryptoCoin
grandcoin,NOT FOUND
xchange,NOT FOUND
synergy,NOT FOUND
pascal-lite,NOT FOUND
ratecoin,NOT FOUND
crystal-clear,NOT FOUND
300-token,http://t.me/spartan300token
origami,https://t.me/joinchat/Hee-UBG6o0usATKovCDzOg
swing,NOT FOUND
compound-coin,NOT FOUND
fabric-token,https://t.me/fabric_token
masternodecoin,NOT FOUND
billionaire-token,https://t.me/BillionaireToken
bitsum,https://t.me/bitsum
supercoin,NOT FOUND
wispr,https://t.me/wisprchat
rubies,NOT FOUND
primestone,https://t.me/PrimeStone_Coin
insanecoin-insn,NOT FOUND
regalcoin,NOT FOUND
steepcoin,https://t.me/SteepCoin
bitcoin-21,NOT FOUND
tokyo,https://t.me/tokyocoingroup
ultimate-secure-cash,NOT FOUND
tekcoin,NOT FOUND
ethereum-gold,https://t.me/joinchat/GzPNJhCuW5Lw862j_qJy3g
litecoin-plus,NOT FOUND
darsek,NOT FOUND
adultchain,NOT FOUND
rpicoin,https://t.me/rpicoin
castle,https://t.me/castle_cstl
blazecoin,NOT FOUND
altcommunity-coin,NOT FOUND
iticoin,NOT FOUND
sola-token,https://t.me/solaplatform
mincoin,NOT FOUND
cryptojacks,NOT FOUND
goldblocks,NOT FOUND
signatum,NOT FOUND
onix,https://t.me/onixcoin
bolivarcoin,https://t.me/bolivarcoinoficial
garlicoin,NOT FOUND
aricoin,NOT FOUND
dreamcoin,NOT FOUND
joincoin,NOT FOUND
ico-openledger,NOT FOUND
version,NOT FOUND
digiwage,NOT FOUND
arepacoin,https://t.me/ArepacoinVE_ES
bitdeal,NOT FOUND
blast,https://t.me/BLASTcoin
bitcoin-w-spectrum,NOT FOUND
quatloo,NOT FOUND
musiconomi,NOT FOUND
ethereum-dark,NOT FOUND
embers,https://t.me/embermine
thunderstake,https://t.me/thunderstake
nitro,https://t.me/NitroToken_NOX
jin-coin,NOT FOUND
fantasy-cash,NOT FOUND
numus,NOT FOUND
purex,NOT FOUND
safe-trade-coin,NOT FOUND
eaglex,https://t.me/eaglecoinworld
coin,NOT FOUND
block-chain-com,https://t.me/BCtoken
posscoin,https://t.me/posscoin
knekted,https://t.me/knekted
x-coin,NOT FOUND
aced,https://t.me/joinchat/G-Xi8Q92YXN0AgvBvSjHew
phonecoin,NOT FOUND
impact,NOT FOUND
wild-crypto,NOT FOUND
printex,NOT FOUND
sparks,NOT FOUND
revolvercoin,NOT FOUND
smartcoin,NOT FOUND
local-world-forwarders,https://t.me/lwfofficial
coin2-1,NOT FOUND
graphcoin,NOT FOUND
master-swiscoin,NOT FOUND
darextravel,https://t.me/darextravelofficial
votecoin,NOT FOUND
bzlcoin,https://t.me/bzlcoin_en
renos,NOT FOUND
secretcoin,NOT FOUND
trident,https://t.me/TridentCommunity
minereum,https://t.me/MinereumToken
atheios,NOT FOUND
titcoin,NOT FOUND
purevidz,NOT FOUND
zeusnetwork,https://t.me/ZeusCrowdfundingOfficial
carebit,NOT FOUND
pakcoin,NOT FOUND
irishcoin,NOT FOUND
zoomba,NOT FOUND
javascript-token,NOT FOUND
evil-coin,NOT FOUND
cashcoin,NOT FOUND
centurion,NOT FOUND
pyrexcoin,https://t.me/pyrexplatform
connectjob,NOT FOUND
earth-token,https://t.me/earthtokenofficial
droxne,NOT FOUND
guess,https://t.me/peerguess
leviar,https://t.me/leviarcoinofficial
digital-money-bits,NOT FOUND
sixeleven,NOT FOUND
grimcoin,NOT FOUND
zurcoin,NOT FOUND
bigup,NOT FOUND
pluracoin,NOT FOUND
escroco-emerald,https://t.me/escroco
harvest-masternode-coin,https://t.me/harvestcoin
zealium,NOT FOUND
ethbet,NOT FOUND
cheesecoin,https://t.me/joinchat/Gp2sRhJjE0qexvSGWDK1dQ
privcy,NOT FOUND
ibtc,https://t.me/ibtctoken
datacoin,NOT FOUND
boostcoin,https://t.me/myboost
parallelcoin,NOT FOUND
redcoin,NOT FOUND
8bit,NOT FOUND
guccionecoin,NOT FOUND
bank-coin,https://t.me/joinchat/GftwABLxBbT6ZEicvV0BAw
nevacoin,https://t.me/neva_coin
senderon,NOT FOUND
dietbitcoin,https://t.me/ddxofficial
doubloon,https://t.me/boatcoin
compucoin,NOT FOUND
speedcash,https://t.me/speedcashmedia
eurocoin,NOT FOUND
berncash,NOT FOUND
ixtus-edutainment,https://t.me/ixtusedu
quebecoin,https://t.me/quebecoin_official
mojocoin,NOT FOUND
atomic-coin,NOT FOUND
honey,NOT FOUND
mfit-coin,https://t.me/joinchat/AAAAAEY6o04lr1YFjq5Svg
parkbyte,NOT FOUND
amsterdamcoin,NOT FOUND
dix-asset,https://t.me/DixAssetNews
eternity,NOT FOUND
kingn-coin,NOT FOUND
brat,https://t.me/brotherenglish
high-voltage,NOT FOUND
polcoin,NOT FOUND
dragonglass,https://t.me/dragonglassco
sub-invest,NOT FOUND
bitcoin-adult,NOT FOUND
brokernekonetwork,https://t.me/brokernekogroup
indinode,NOT FOUND
bitquark,NOT FOUND
kurrent,NOT FOUND
ezoow,https://t.me/ezoowtoken
securecoin,NOT FOUND
kubera-coin,NOT FOUND
uralscoin,https://t.me/uralscoin
elysium,NOT FOUND
independent-money-system,NOT FOUND
deuscoin,NOT FOUND
icobid,NOT FOUND
postcoin,NOT FOUND
californium,NOT FOUND
tajcoin,https://t.me/TajCoin
dollarcoin,NOT FOUND
accelerator-network,https://t.me/acc_token
phantomx,https://t.me/joinchat/GuzdQUN9fdpX3fSJ4bqWTQ
litecred,NOT FOUND
steneum-coin,https://t.me/steneum
acoin,NOT FOUND
marijuanacoin,NOT FOUND
trackr,NOT FOUND
iqcash,https://t.me/IQ_cash
posex,NOT FOUND
rhenium,NOT FOUND
bitcoin-planet,NOT FOUND
mustangcoin,NOT FOUND
nekonium,NOT FOUND
kronecoin,NOT FOUND
nyerium,NOT FOUND
staker,https://t.me/stakertoken
bumbacoin,NOT FOUND
soilcoin,NOT FOUND
geysercoin,NOT FOUND
archetypal-network,https://t.me/ArchetypalNetwork_Group
dalecoin,https://t.me/dalecoin
